Id,Reputation,CreationDate,DisplayName,LastAccessDate,WebsiteUrl,Location,AboutMe,Views,UpVotes,DownVotes,ProfileImageUrl,EmailHash,AccountId
2701364,23,2013-08-20 20:30:28,Suranga Premakumara,2019-09-21 12:31:01,,Sri Lanka,"<p>i am an undergraduate  computer science student.</p>
",45,6,0,https://www.gravatar.com/avatar/?s=128&d=identicon&r=PG&f=1,,3198853
8797148,77,2017-10-18 17:29:47,mcode,2020-01-25 13:25:22,,Sri Lanka,,53,13,0,https://www.gravatar.com/avatar/fecb5e2f4a7f989c75f427a6424fc6cb?s=128&d=identicon&r=PG&f=1,,12024851
10789243,21,2018-12-14 05:33:54,Nuwan Wicks,2020-02-01 18:42:46,,Sri Lanka,"<p>Undergraduate @ Faculty of IT | UOM</p>
",0,9,0,https://lh3.googleusercontent.com/-BK1aFO0TWdk/AAAAAAAAAAI/AAAAAAAAAC8/k1iw7OX3i3o/photo.jpg?sz=128,,14943238
2739852,1331,2013-09-02 12:28:52,Chamal Pradeep Rajapakse,2020-01-30 11:48:24,http://stackoverflow.com/,Sri Lanka,"<p>Senior Software Engineer</p>
",228,13,1,https://www.gravatar.com/avatar/d22aab038533ec4fcded1957543fd735?s=128&d=identicon&r=PG&f=1,,3249063
2760267,421,2013-09-09 04:17:03,Destructor,2020-01-31 21:39:41,http://www.crashhandler.com,Sri Lanka,"<p>I'm a graduate of the University of Moratuwa studied electronics and telecommunications engineering. Currently working as a R&amp;D Engineer at Synopsys Inc.</p>
",80,44,5,https://www.gravatar.com/avatar/be631e7cf9b1178d71e69ba0ebef82c8?s=128&d=identicon&r=PG&f=1,,3279290
2760647,101,2013-09-09 07:43:46,Oshan,2020-01-02 09:29:40,,Sri Lanka,,3,3,0,https://i.stack.imgur.com/kCHx2.gif,,3279779
8860607,216,2017-10-31 06:36:48,Chanaka Hettiarachchi,2020-01-31 12:02:42,,Sri Lanka,"<p>I am an Associate Software Engineer (Front-end Developer) at OpenArc System Management System with 2 years experience.</p>

<p><strong>Front-end</strong> - Java-Script, j-Query, Angular, Handlebars-JS, </p>

<p><strong>Back-end</strong> - Node-JS, Express-JS, PHP, Laravel, Codignator</p>

<p><strong>Database</strong> - MongoDB, MySql, SQL</p>

<p><strong>CMS</strong> - Wordpress, Magento, Moodle</p>
",16,197,30,https://lh6.googleusercontent.com/-0MlDtaDSEXs/AAAAAAAAAAI/AAAAAAAAABg/CM7vh36ElaU/photo.jpg?sz=128,,12134863
4969591,86,2015-06-03 12:23:53,Croos Praveen,2018-08-09 06:29:47,,Sri Lanka,,27,5,0,https://graph.facebook.com/1120862734596977/picture?type=large,,6409346
10866402,123,2019-01-04 08:02:48,Harish,2019-07-05 15:06:46,,Sri Lanka,,32,12,0,https://lh3.googleusercontent.com/-nzIWEJi3uEc/AAAAAAAAAAI/AAAAAAAAACs/s2hosPypwuk/photo.jpg,,15056223
5039964,332,2015-06-23 11:13:48,isanka thalagala,2018-04-20 10:35:02,http://worstcode.blogspot.com/,Sri Lanka,"<p>Full-stack senior software engineer who is having more than 5+ years of industry experience in designing, developing and deploying applications with C#.net,Asp.net MVC,Angular JS,Bootstrap, Windows services,Web services,WCF services,Web APIs technologies by following Agile methodologies.</p>

<p>I strongly believe that in this dynamic business environment I always perform my very best and contribute my fullest potential to achieve the targets, under any circumstances. Love to learn while growing in the corporate ladder and be a valuable asset to the organization.</p>

<p>I'm totally dedicated person with team player skills and I don't care who gets credit but I need to win and when I look back I need proud legend behind me.</p>

<p>Specialties: Asp.net MVC,AngularJS,bootstrap , Javascript, Object-Oriented Programming, Web services, MySQL,MS SQL, HTML, CSS, XML, JSON, JQuery, SVN,TFS, JQuery, HTML5, CSS, XML,Windows phone</p>

<p>If you are seeking a person who takes up a challenge with no hesitation, is capable of meeting deadlines and who is career-committed as it takes to achieve total success an experienced team player with excellent communication and interpersonal skills who has the ability to work independently under pressure, can lead, motivate, influence others, can train and mentor subordinates.</p>
",58,15,0,https://lh3.googleusercontent.com/-A-ZjpCnZEHQ/AAAAAAAAAAI/AAAAAAAAAWk/tXkkkRYknB4/photo.jpg?sz=128,,6513397
4848659,850,2015-04-30 00:35:29,Gimhani,2020-01-30 13:54:33,http://linkedin.com/in/gimhaniuthpala/,Sri Lanka,"<p>-eager to learn and know every corner of computer languages and every aspect of computer science</p>
",71,188,19,https://www.gravatar.com/avatar/2bc0b78d4d44982155d9fd4acd198149?s=128&d=identicon&r=PG&f=1,,6232328
2666754,36,2013-08-09 05:00:14,Randev,2020-01-31 13:58:57,,Sri Lanka,,10,6,0,https://i.stack.imgur.com/47xsO.jpg,,3153965
4893791,75,2015-05-13 02:09:48,Nithaparan,2020-02-01 13:20:52,,Sri Lanka,,9,12,0,https://lh3.googleusercontent.com/-ilbmC0sd1uU/AAAAAAAAAAI/AAAAAAAAAdc/H8SIESVZ_OA/photo.jpg?sz=128,,6298439
4905918,1014,2015-05-16 03:16:48,Choxmi,2020-02-02 05:10:23,,Sri Lanka,"<p>Tech enthusiast; Software Engineer; Freelancer;</p>
",190,712,1,https://i.stack.imgur.com/ODGnx.png,,6315951
202313,1389,2009-11-04 04:15:10,Rangana Sampath,2019-12-20 02:01:13,,Sri Lanka,"<p>I love to do experiments and learn new technologies, very interested in front end technologies, web specially &amp;&amp; programming :)</p>
",326,85,0,https://i.stack.imgur.com/gBPOV.jpg?s=128&g=1,,69570
2759010,578,2013-09-08 14:05:51,Chathura Widanage,2020-02-01 23:21:10,http://cwidanage.com,Sri Lanka,"<p>I am an integrated computer engineering undergraduate of University of Moratuwa and an Oracle certified Java programmer.</p>
",65,24,1,,,1250968
4944007,2195,2015-05-27 09:28:40,Ismail Iqbal,2020-01-31 10:58:57,,Sri Lanka,"<h1>#SOreadytohelp</h1>

<blockquote>Embraced<b>
<ul>
   <li>Android (Java/React Native)</li>
   <li>iOS (ReactNative)</li>
   <li>Java Spring</li>
   <li>NodeJs</li>
   <li>React</li>
</ul></b>
<br>
Played With
<b>
<ul>
   <li>iOS (Swift)</li>
   <li>GO</li>
</ul></b>
</blockquote>
",239,925,9,https://i.stack.imgur.com/O4Enn.png?s=128&g=1,,6371785
8855629,175,2017-10-30 10:06:23,Thamindu DJ,2019-12-05 09:44:40,,Sri Lanka,"<p>I'm currently an undergraduate at University of Moratuwa, Sri Lanka. I'm a highly motivated and a hard working individual who wants to become a qualified profession in the software industry. I'm very much interested in java application development, web development and native mobile app development. Additionally for them, recently I started looking into machine learning and neural networks. I found stackoverflow very useful for most of my programming problems. Looking forward to help more developers and students for their programming problems.</p>
",58,122,0,https://www.gravatar.com/avatar/bbf8ae5d8255c1fa32de6ae1f0b4e2a8?s=128&d=identicon&r=PG&f=1,,12127384
282668,79,2010-02-27 12:25:49,Desper,2020-01-26 08:17:14,,Sri Lanka,"<p>Just a lonely &amp; desperate coder..</p>

<p>An aspiring traveller and Travel writer</p>

<p>A Noob in SEO</p>
",36,188,0,https://i.stack.imgur.com/ZeGvb.jpg?s=128&g=1,,106040
8892004,27,2017-11-06 03:44:19,Hasitha,2019-12-11 03:20:16,http://hasi.portfoliobox.net/,Sri Lanka,"<p>am a web developer and software engineer at Screenline Holdings currently living in Sri Lanka. My interests range from technology to reading. I am also interested in movies, IOT, Technology and swimming</p>
",18,3,0,https://i.stack.imgur.com/jr7qB.jpg,,12180377
334373,108,2010-05-06 11:40:53,Jinath Sanjitha,2019-03-19 16:56:45,http://www.jinath.com,Sri Lanka,,65,4,0,,,133193
360048,322,2010-06-07 04:49:21,Hash,2019-11-04 03:27:08,http://hashanj.blogspot.com,Sri Lanka,"<p>Software Engineer .NET</p>
",14,32,0,https://www.gravatar.com/avatar/43992f1d891a44b554b6842ddf6a6ebc?s=128&d=identicon&r=PG&f=1,,148339
5020979,25,2015-06-17 18:03:39,Sahan Hasitha,2019-04-02 11:45:50,,Sri Lanka,,14,2,0,https://graph.facebook.com/100001695036593/picture?type=large,,6485142
5043148,46,2015-06-24 05:45:14,AsankaJ,2020-01-19 17:28:43,https://www.linkedin.com/in/asanka-jayasundara/,Sri Lanka,"<p>Aspiring Full Stack Developer with interests in Data science and Application Development.</p>
",4,32,0,https://i.stack.imgur.com/HS9U2.jpg?s=128&g=1,,6518084
10745220,311,2018-12-04 16:30:00,Ishara Malaviarachchi,2020-01-30 03:20:29,,Sri Lanka,"<p>Software engineering intern at WSO2(Inc) | Undergraduate at University of Kelaniya | MBCS</p>
",70,98,2,https://lh5.googleusercontent.com/-a7gQ8KmgaVo/AAAAAAAAAAI/AAAAAAAAAxQ/XJGAEeGoLV8/photo.jpg?sz=128,,14880383
4868442,1092,2015-05-05 23:14:14,Dulanjaya Tennekoon,2020-01-31 05:33:51,,Sri Lanka,"<p>I am a <strong>full-stack developer</strong> for over an year and <strong>also</strong> interested in <strong>Natural Language Processing</strong>.</p>
",98,40,14,https://i.stack.imgur.com/p1T8L.jpg?s=128&g=1,,6261329
82457,1411,2009-03-25 08:59:59,Kombuwa,2020-01-24 04:58:49,http://isuru.datacabi.net/,Sri Lanka,"<p>I am Isuru from Sri lanaka.
And i am web multimedia developer.</p>
",199,44,2,,,30273
4916011,55,2015-05-19 11:36:47,Nim,2018-07-08 14:19:03,,Sri Lanka,"<p>I'm a Software Engineer.</p>
",8,51,0,https://lh5.googleusercontent.com/-48D40BVEwqY/AAAAAAAAAAI/AAAAAAAAABg/wlco8RdcW8o/photo.jpg?sz=128,,6331097
195759,519,2009-10-24 05:48:28,webnuwan,2009-12-09 04:32:21,,Sri Lanka,,37,3,0,,,879130
195988,265,2009-10-24 20:54:44,m00sila,2019-02-06 18:10:35,,Sri Lanka,,35,2,0,,,66880
239610,133,2009-12-07 07:09:03,LittleOne,2020-01-28 06:27:33,http://twitter.com/rasikalb,Sri Lanka,"<p>Software Developer(working with .Net Related technologies) and a freelance web developer(working with php and mysql)</p>
",33,16,0,,,86073
288135,1381,2010-03-07 09:21:55,Thilanka,2019-03-29 10:19:41,http://coders-view.blogspot.com,Sri Lanka,"I'm a computer science undergraduate at Department of university of Moratuwa, Sri Lanka. I'm interested on image processing, web developing and the back end java programming. ",180,165,0,,,108588
2820409,1830,2013-09-26 16:37:08,SilentCoder,2020-01-30 02:28:38,https://silentcoder.online,Sri Lanka,"<p>I’m an energetic, dedicated, friendly personality with 4+ years of experience in software engineering and a team player with excellent communication and leadership skills. My vision is to become an excellent professional in Software Engineering environment, where I can practice and share my knowledge, skills &amp; expertise while gaining better practical exposure in related fields.</p>
",246,245,1,https://www.gravatar.com/avatar/f00dfeb86a0a69f3d81a08bfb8f5ca8a?s=128&d=identicon&r=PG&f=1,,3357883
2829676,1282,2013-09-30 02:07:40,Samitha Chathuranga,2020-02-01 04:53:24,http://samranga.blogspot.com/,Sri Lanka,"<p>I am an undergraduate 4th year student in University of Moratuwa, Sri Lanka, at faculty of Information Technology.</p>
",881,207,15,https://www.gravatar.com/avatar/c6f4f395af377ed3a5f3152b75219a06?s=128&d=identicon&r=PG&f=1,,3370312
8958938,456,2017-11-17 16:50:33,Jamith,2020-02-01 01:22:02,http://www.jamith.tk,Sri Lanka,"<p><strong>Linux Enthusiast</strong> <strong>|</strong> <strong>Open Source Enthusiast</strong></p>

<p><a href=""https://www.nerdtests.com/ft_nq.php"" rel=""nofollow noreferrer"">
<img src=""https://www.nerdtests.com/images/ft/nq/ed909c1383.gif"" alt=""I am nerdier than 86% of all people. Are you a nerd? Click here to take the Nerd Test, get nerdy images and jokes, and talk on the nerd forum!""></a></p>
",110,250,18,https://i.stack.imgur.com/Nw6XJ.jpg?s=128&g=1,,12274705
441628,3053,2010-09-07 16:09:51,yohan.jayarathna,2020-01-23 07:28:36,,Sri Lanka,,378,281,0,,,197506
471349,1141,2010-10-10 05:38:30,Dhanika,2017-06-12 12:38:23,http://www.dhablog.co.cc,Sri Lanka,,222,2,0,,,216236
471832,33,2010-10-10 05:36:13,SNBR,2018-02-25 08:21:06,,Sri Lanka,,19,19,0,,,216529
510758,91,2010-11-17 12:23:57,Lasantha Samarakoon,2020-01-31 11:36:41,http://lasa-talkz.blogspot.com,Sri Lanka,,23,4,0,https://i.stack.imgur.com/lpAqE.png?s=128&g=1,,240490
2932351,469,2013-10-29 13:35:34,anbuj,2020-01-31 12:26:53,,Sri Lanka,"<p>I work for <a href=""http://en.wikipedia.org/wiki/Virtusa"" rel=""nofollow"" title=""Virtusa"">Virtusa</a> as a Software Engineer(.Net, SharePoint). </p>
",127,47,2,,,3507040
2663681,31,2013-08-08 08:38:00,MagnidownZ,2019-08-14 13:36:14,http://www.codemagni.com,Sri Lanka,"<p>i am a web developer based on PHP and im a self-learner I don't like to use any platform to create my codes and i use my own way to get the result</p>

<p>worked as a front-end developer 3 years and 5 years as a back-end developer</p>
",7,3,0,,,3150058
2681021,1213,2011-10-07 03:47:30,Amila,2019-12-04 05:20:03,http://amisam.wordpress.com/,Sri Lanka,,88,40,5,https://i.stack.imgur.com/d9nl8.jpg,,958502
2685304,1572,2013-08-15 08:41:46,Nomesh DeSilva,2019-12-11 21:25:56,,Sri Lanka,,434,347,54,https://i.stack.imgur.com/8NxnG.jpg?s=128&g=1,,3177881
6823071,47,2016-09-12 15:13:04,Vimukthi Saranga,2020-01-31 09:11:36,https://itmastermindblog.wordpress.com/,Sri Lanka,"<p>Graduated from University of Moratuwa. Currently reading for Masters degree at Cardiff Metropolitan University. Employed as a Software Engineer at hSenid Mobile Solutions.</p>
",53,6,0,https://i.stack.imgur.com/58VGK.png,,9178180
2724701,745,2013-08-28 09:02:41,Heshan,2020-01-23 02:10:30,http://www.dawncode.com,Sri Lanka,"<p>I created the Extreme Music app for Windows Mobile.</p>
",140,73,6,https://i.stack.imgur.com/I6Ipl.jpg?s=128&g=1,,3229012
2731580,386,2013-08-30 04:45:39,Suresh Peiris,2020-01-21 14:08:05,http://sureshmichael.tk,Sri Lanka,"<p>Software Developer (Windows) | Mobile Developer (Android) | Server Side Coder (Linux) | FOSS Rock</p>
",58,7,1,https://i.stack.imgur.com/hCF8w.jpg,,3237884
4928426,586,2015-05-22 09:39:49,Hiran Perera,2019-03-30 04:46:51,,Sri Lanka,"<p>Experienced Software Engineer with a demonstrated history of working in the information technology and services industry. </p>

<p>Strong engineering professional with a B.Sc Special (Hons) in Information Technology Specialized in Software Engineering focused in Computer Software Engineering and Other IT Retaled Technologies from Sri Lanka Institute of Information Technology.</p>
",67,41,1,https://i.stack.imgur.com/47kB7.jpg?s=128&g=1,,6348677
6883826,83,2016-09-26 18:07:15,Hemantha Dhanushka,2020-01-31 17:14:50,,Sri Lanka,"<p>I am a software engineer who has industry level experience in front end frameworks and back end frameworks such as React JS, CakePHP 3, Zend, Laravel, Symfony ect...</p>
",40,8,0,https://i.stack.imgur.com/viSsz.png?s=128&g=1,,9269321
10846399,110,2018-12-29 13:26:28,thakee nathees,2020-02-01 13:43:05,,Sri Lanka,,39,39,0,https://www.gravatar.com/avatar/e31e9965d988cea4299b824cb887663a?s=128&d=identicon&r=PG&f=1,,15026878
319271,844,2010-04-17 15:06:20,Yoosuf,2019-11-30 18:40:28,http://www.knowledgebuddy.weebly.com,Sri Lanka,"<p>I am a software developer and have completed my BSc in Software Engineering from Cardiff Metropolitan University. The programming languages that I am familiar with includes, Java, VB.net, MATLAB, prolog and on the web development side I am also familiar with PHP MySQL as well. </p>
",416,24,1,,,124283
319329,71,2010-04-17 17:22:08,Aslam Najeebdeen,2016-08-02 06:48:01,http://frontcube.com,Sri Lanka,"<p>Web developer, designer, visionary, webpreneur, happy Rubyist and founder of FrontCube</p>
",13,33,0,,,124316
320166,99,2010-04-19 09:07:16,thusithak,2020-01-10 07:50:29,,Sri Lanka,,12,7,0,,,124818
390522,7232,2010-07-13 14:02:47,thameera,2020-01-27 05:46:40,https://thameera.com,Sri Lanka,"<p>Passionate programmer</p>
",453,484,4,,,166416
2896997,51,2013-10-19 04:39:16,Pasindu,2018-12-18 05:05:32,,Sri Lanka,,19,2,0,https://www.gravatar.com/avatar/759ecbfdc5f3dc7024d3017857701bf8?s=128&d=identicon&r=PG&f=1,,3459406
2935618,519,2013-10-30 09:15:04,samithagun,2020-02-01 17:14:29,http://about.me/samithax,Sri Lanka,"<p>I'm an Application Developer in wide variety of business applications. More than 6 years of professional experience in .NET technologies and ERP systems.</p>
",44,528,6,https://i.stack.imgur.com/5qz4p.jpg?s=128&g=1,,3511379
4844470,110,2015-04-29 02:30:48,Malagoda Pathirana,2020-01-21 10:45:09,,Sri Lanka,"<p>I am currently working as Sofware engineer React-Js. I am familiar with front end development.</p>
",36,20,0,https://lh3.googleusercontent.com/-kIZI1F4Mxqs/AAAAAAAAAAI/AAAAAAAAABs/yk0amuUCS1E/photo.jpg?sz=128,,6226348
86059,1607,2009-04-02 07:41:55,Gayan,2020-01-31 03:22:19,http://mudali.blogspot.com,Sri Lanka,,215,96,9,,,31367
4924412,123,2015-05-21 11:21:52,PrasadJay,2019-10-20 15:47:46,https://medium.com/@prasadjay,Sri Lanka,"<p>Software Engineer | Car Enthusiast | Blogger</p>
",13,8,0,https://i.stack.imgur.com/NZ579.jpg,,5451374
2764076,1246,2013-09-10 08:13:54,poohdedoo,2020-01-31 02:43:51,http://sparkletechthoughts.blogspot.com/,Sri Lanka,"<p>A Software Engineer and a researcher, HCI/CCI and Music technology enthusiastic. Currently working on middleware contributing to open source community  </p>
",243,312,42,https://i.stack.imgur.com/QSUsH.jpg,,3284216
4947453,119,2015-05-28 04:59:37,Sampath M Jay,2019-08-23 01:19:06,http://infinitialk.com/,Sri Lanka,"<p>I'm Doing my degree BEng(Hons)Software Engineering at University of Westminster, UK &amp; I'm fourth year student there.I'm in love with web developments such as php, boostrap also Ionic frame work now :)</p>
",26,93,0,https://graph.facebook.com/10206932948348460/picture?type=large,,6376804
371368,57,2010-06-20 04:23:40,Nadun,2010-12-07 13:54:34,,Sri Lanka,"<p>Im a software developer, at least I think I am.(Sometimes used to spend all day in front of the pc but doing nothing but very small work..I wonder how people do programming and what Im missing )</p>
",9,2,0,,,155012
2856675,893,2013-10-08 00:50:35,Dakshila Kamalsooriya,2020-01-18 13:49:17,,Sri Lanka,"<p>Business Analyst, Data Science Enthusiast, Learning every day &amp; every moment..... :)</p>

<h1>SOreadytohelp #SOreadytohelpwinner! ^_^</h1>
",394,25,0,https://i.stack.imgur.com/N3iKj.jpg?s=128&g=1,,3405538
391406,1898,2010-07-14 09:44:37,DineshNS,2019-12-20 01:47:19,,Sri Lanka,,84,37,1,,,166935
2876009,1019,2013-10-13 12:10:45,TharinduKetipe,2020-02-01 19:16:13,https://www.linkedin.com/in/tharinduketipe/,Sri Lanka,"<p>I'am iOS native software engineer and computer science graduate of University of Colombo School of Computing SriLanka</p>
",118,81,3,https://i.stack.imgur.com/21TtZ.jpg?s=128&g=1,,3431809
2876013,43,2013-10-13 12:11:38,Binku,2019-03-01 05:40:00,http://sinhalaworld.bolgspot.com,Sri Lanka,,13,2,0,https://www.gravatar.com/avatar/0364d0f45e6b8bedc09263974eff5f55?s=128&d=identicon&r=PG&f=1,,3431811
2882066,1093,2013-10-15 10:12:21,EBS,2016-12-30 07:19:30,,Sri Lanka,,138,30,0,https://i.stack.imgur.com/0oowG.jpg,,3439855
445438,1532,2010-09-12 05:32:06,budhajeewa,2020-01-22 11:29:16,http://budhajeewa.com,Sri Lanka,,112,96,1,,,199878
446080,2162,2010-09-13 08:17:19,Chathura Kulasinghe,2020-01-28 10:21:34,,Sri Lanka,"<p><strong>Software Engineer</strong>
java, .net, PL, SQL, javascript, Objective-c, php</p>
",164,120,4,,,200304
7047189,65,2016-10-20 09:51:54,LahiruE,2019-06-20 18:05:59,,Sri Lanka,,26,9,0,https://i.stack.imgur.com/84PUU.jpg,,9478507
468639,929,2010-10-07 02:11:58,Tharaka Deshan,2020-02-01 02:34:43,http://www.3dknot.com,Sri Lanka,"<p>Java,.net,php and MySQL.</p>
",134,127,1,,,214579
7057736,1232,2016-10-22 16:03:05,Malindu Sandaruwan,2020-01-30 06:44:36,,Sri Lanka,,156,778,81,https://graph.facebook.com/1152701018117340/picture?type=large,,9493972
2910841,505,2013-10-23 10:12:54,Sajith,2020-02-01 09:10:52,http://rksk.net,Sri Lanka,"<p><a href=""https://www.linkedin.com/in/sajithekanayaka/"" rel=""nofollow noreferrer"">https://www.linkedin.com/in/sajithekanayaka/</a></p>

<p><a href=""https://medium.com/@sajithekanayaka"" rel=""nofollow noreferrer"">https://medium.com/@sajithekanayaka</a></p>
",87,112,3,https://i.stack.imgur.com/vra6w.jpg?s=128&g=1,,3478104
559227,1130,2010-12-31 11:40:55,Desmond,2020-01-29 05:48:47,http://csharpwavenet.blogspot.com/,Sri Lanka,,129,118,5,https://i.stack.imgur.com/jiurm.png,,269715
2757401,45,2013-09-07 16:48:09,gihantharanga,2019-05-02 13:14:52,,Sri Lanka,,3,3,0,https://www.gravatar.com/avatar/fb1cc791e5c27a22f130476af2afd0b6?s=128&d=identicon&r=PG&f=1,,3275084
2779389,7161,2013-09-14 14:36:09,Marlon Abeykoon,2020-01-31 05:33:20,http://fb.com/ronnie.marlon.abeykoon,Sri Lanka,"<p>I'm an undergraduate of Computer Engineering in Open University Of Sri Lanka and works in the Software Engineering industry.</p>

<p>Loves Python, PostgreSQL and Data Analysis.</p>

<p><strong>My SO Highlights:</strong>
<br> <a href=""http://data.stackexchange.com/stackoverflow/query/869419/top-users-in-srilanka-for-pentaho"" rel=""nofollow noreferrer"">Top 1st user in Sri lanka Pentaho</a> 
<br> <a href=""http://data.stackexchange.com/stackoverflow/query/608156/top-users-in-sri-lanka-for-python"" rel=""nofollow noreferrer"">Top 2nd user in Sri lanka Python</a> 
<br> <a href=""http://data.stackexchange.com/stackoverflow/query/869418/top-users-in-srilanka-for-postgresql"" rel=""nofollow noreferrer"">Top 4th user in Sri lanka PostgreSQL</a> </p>

<p><br>Like to say <code>Thank You</code> in a different way? Use my <a href=""https://gratipay.com/marlonabeykoon/"" rel=""nofollow noreferrer"">GratiPay Account</a> or <a href=""https://www.amazon.com/gp/registry/wishlist/38EPDACBT95J9"" rel=""nofollow noreferrer"">Amazon Wishlist</a> </p>

<p>Contact me via: <code>marlonabeykoon[at]gmail[dot]com</code></p>

<p><a href=""https://i.stack.imgur.com/6efQJ.gif"" rel=""nofollow noreferrer""><img src=""https://i.stack.imgur.com/6efQJ.gif"" alt=""Sri lanka""></a></p>
",1191,1093,219,https://i.stack.imgur.com/nduWf.jpg?s=128&g=1,,3304005
259281,566,2010-01-26 14:12:03,pavithraCS,2019-10-17 04:21:36,,Sri Lanka,"<p>I'm a final year Computer Science and Engineering student, currently studying in university of Moratuwa. </p>
",109,72,0,,,95134
2798097,21,2013-09-20 06:59:54,Lasantha,2020-01-31 00:54:06,,Sri Lanka,,5,3,0,,,2453878
2862531,309,2013-10-09 11:23:40,Amal Shalika,2020-02-01 17:30:30,,Sri Lanka,,53,33,0,https://i.stack.imgur.com/Vdz1X.jpg?s=128&g=1,,3412971
443389,867,2010-09-09 12:14:44,sajith,2020-01-17 08:19:37,,Sri Lanka,,56,86,2,,,198622
5087890,136,2015-07-07 05:05:21,Buwaneka Kalansuriya,2020-01-31 10:09:18,,Sri Lanka,,40,41,0,https://lh3.googleusercontent.com/-nDMu0TYMUFU/AAAAAAAAAAI/AAAAAAAAACk/WBzFBNmOM9c/photo.jpg,,6584857
540128,959,2010-12-13 05:46:51,vim,2020-01-31 11:05:53,http://vimukthi.com,Sri Lanka,"<p>I'm a fast learner and a natural leader. 
I have over 7 years of experience developing various software products such as Business Intelligence systems, mission critical fintech systems.</p>
",124,90,8,,,258141
540323,1422,2010-12-13 09:31:31,Amil Waduwawara,2020-02-01 04:28:59,,Sri Lanka,"<p>Currently I'm working as a Senior Tech Lead in <a href=""http://www.omobio.net"" rel=""nofollow noreferrer"">Omobio</a>, a Telco VAS provider, since year 2013. By the time of resigning, I was a software Product Manager by Designation for <a href=""http://www.globalwavenet.com"" rel=""nofollow noreferrer"">WaveNET</a>, a Telco VAS provider in Sri Lanka worked for a period of 9 years. I started my ICT career in year 2002 just after graduation from <a href=""http://www.pdn.ac.lk/sci"" rel=""nofollow noreferrer"">Department of Computer Science, Faculty of Science, University of Peradeniya, Sri Lanka</a>.</p>

<p>My capabilities are in development (mainly PHP, JavaScript, jQuery, ExtJS, Sencha Touch, Java, MySQL, Oracle) and computer hardware engineering.</p>

<p>My hobbies are <a href=""http://www.flickr.com/photos/amilww"" rel=""nofollow noreferrer"">photography</a> and music.</p>
",185,127,1,,,258265
7113997,151,2016-11-04 08:34:36,DuW,2020-01-30 12:50:02,,Sri Lanka,"<p>A recent computer science graduate. Open source enthusiastic. Always in search of new ways of doing things. Would like to share what I know and like to learn what others know via Stack Overflow.</p>
",44,25,2,https://lh5.googleusercontent.com/-VyElrPHwpjg/AAAAAAAAAAI/AAAAAAAAABQ/OeJNqKOaw68/photo.jpg?sz=128,,9578845
10755104,111,2018-12-06 13:46:40,Santhoopa Jayawardhana,2020-01-30 07:00:01,,Sri Lanka,,7,10,0,https://lh5.googleusercontent.com/-zRxMHRF7RGE/AAAAAAAAAAI/AAAAAAAAAWk/QJiSmh7Y7JQ/photo.jpg,,14894292
2707106,263,2013-08-22 11:13:32,Gihanmu,2020-01-31 05:45:42,,Sri Lanka,,63,298,0,https://i.stack.imgur.com/lWHUp.jpg?s=128&g=1,,3206065
2720250,448,2013-08-27 05:13:27,Eshan Liyanagama,2020-01-28 10:48:49,,Sri Lanka,,75,17,0,https://www.gravatar.com/avatar/98e8cb6d0358adbce9741b84c93fe16a?s=128&d=identicon&r=PG&f=1,,3223395
2720275,539,2013-08-27 05:29:50,Mayura Wijewickrama,2019-10-29 09:06:55,,Sri Lanka,"<p>**</p>

<blockquote>
  <p>Someone who likes to learn and help others to
  learn.</p>
</blockquote>

<p>**</p>
",94,33,13,https://i.stack.imgur.com/58oH6.jpg,,3223431
6863414,159,2016-09-22 09:19:42,Gayan Chinthaka Dharmarathna,2020-01-17 11:02:02,,Sri Lanka,,95,300,4,https://www.gravatar.com/avatar/6db4d24fe6446d02ef39871f2d76accd?s=128&d=identicon&r=PG&f=1,,9239845
211818,3675,2009-11-16 06:07:42,ravinsp,2020-01-17 04:02:33,http://ravinsp.blogspot.com,Sri Lanka,,199,42,1,https://i.stack.imgur.com/wihkt.jpg?s=128&g=1,,73595
8887910,101,2017-11-05 04:28:44,dasitha,2020-01-30 04:43:14,,Sri Lanka,,28,17,0,https://i.stack.imgur.com/rgh2D.jpg,,12174377
8888021,91,2017-11-05 05:22:07,Tharindu,2019-10-14 15:54:22,,Sri Lanka,,32,2,0,https://www.gravatar.com/avatar/d10c056352561172593818846c6a1e74?s=128&d=identicon&r=PG&f=1,,12174543
2822190,310,2013-09-27 05:55:54,Nadun,2020-01-31 09:59:30,,Sri Lanka,"<p>Change the world</p>
",39,689,3,https://www.gravatar.com/avatar/f032e16b60597efb9d2f3a38375f4fd4?s=128&d=identicon&r=PG&f=1,,3360236
8913536,157,2017-11-09 12:22:24,Gethma,2020-01-30 01:35:18,,Sri Lanka,"<p>Newbie for programming</p>

<p>Java
Angular4
MongoDB</p>
",30,8,2,https://www.gravatar.com/avatar/eba889737b1f6a4f91e277749baa48fd?s=128&d=identicon&r=PG&f=1,,12212025
2837077,200,2013-10-02 02:39:44,Inosh Perera,2020-02-02 04:55:17,,Sri Lanka,"<p>Senior Software Engineer at WSO2 Inc.</p>
",71,5,1,https://i.stack.imgur.com/GZ1f3.jpg?s=128&g=1,,3379785
7012894,86,2016-10-13 09:55:52,kevex91,2020-01-05 01:24:08,,Sri Lanka,"<p>I'm a Belgian national currently running a mobile app and web development company in Sri Lanka.</p>
",6,8,0,https://graph.facebook.com/10153778826476481/picture?type=large,,9428682
7018008,468,2016-10-14 08:08:30,Dulanga,2020-02-02 02:30:35,,Sri Lanka,,49,285,3,https://i.stack.imgur.com/zJUdR.jpg?s=128&g=1,,9436038
2879617,902,2013-10-14 16:20:02,Dasith,2020-02-01 17:49:31,,Sri Lanka,"<p>Love to code , current interests are towards web development.I'm a Full stack developer using react , redux/mobx and related ecosystem for front-end. Nodejs for back-end and interest towards devOps on AWS using cloud-formation/Infrastructure as Code(IaC) with a focus towards deploying serverless Architecture. Also currently looking into unity for game development in my free time. Design / creativity also seems to be a strong suit of mine :)</p>
",88,14,13,https://i.stack.imgur.com/sntBn.jpg?s=128&g=1,,3436642
7057048,3131,2016-10-22 12:19:26,Tharaka Dilshan,2020-02-02 05:37:00,,Sri Lanka,"<p>Graduated as Bachelor of Information Technology in 2017 from University of Colombo.<br>
Currently a Software Engineer at 'One Syntax'.</p>
",450,92,5,https://graph.facebook.com/1432951750067841/picture?type=large,,9492928
2915744,133,2013-10-24 12:32:17,udith,2020-01-31 10:07:38,,Sri Lanka,,30,92,0,https://www.gravatar.com/avatar/?s=128&d=identicon&r=PG&f=1,,3484462
9001275,187,2017-11-24 05:06:30,Wijaya,2020-02-02 04:03:54,,Sri Lanka,,23,2,0,https://www.gravatar.com/avatar/ed4b02e2605ee6692240bbe207fd9fab?s=128&d=identicon&r=PG&f=1,,12336806
590373,2654,2011-01-26 09:46:27,Thusitha,2020-01-28 17:54:51,https://serandibsoft.com,Sri Lanka,"<p>Full stack web developer who's interested in</p>

<ul>
<li><blockquote>
  <p>AngularJS v1/v2, ReactJS, NodeJS, MongoDB</p>
</blockquote></li>
<li><blockquote>
  <p>Ionic, React native, PhoneGap</p>
</blockquote></li>
<li><blockquote>
  <p>Android and ios app development</p>
</blockquote></li>
</ul>

<p>with a small touch of Java, C++, C# and vb.net</p>

<p>You can see some of my works at <a href=""http://devpost.com/Thusitha"" rel=""nofollow noreferrer"">DevPost</a></p>
",251,157,19,https://i.stack.imgur.com/w5May.jpg?s=128&g=1,,289411
10733609,61,2018-12-02 03:36:41,Peshala Liyanage,2020-01-30 05:55:47,,Sri Lanka,,32,9,0,https://lh3.googleusercontent.com/-kldWc9h1L8Q/AAAAAAAAAAI/AAAAAAAAAtY/2wSW39YQZxg/photo.jpg?sz=128,,14863810
2783908,1377,2013-09-16 12:22:46,S.Roshanth,2019-11-29 03:11:59,,Sri Lanka,"<p>I am a software Engineer at IFS Sri Lanka. I work with Oracle SQL &amp; Pl/SQL,Java SE and Java EE. I am passionate about learning new technologies and become certified. I have obtained professional qualifications such as OCJP, OCWCD &amp; OCA(Oracle SQL). Also I love to play with Web Services and automated testing frameworks such as Selenium and Coded UI Test.</p>

<p><a href=""http://data.stackexchange.com/stackoverflow/revision/538290/680713/top-1st-user-in-srilanka-coded-ui-test"" rel=""nofollow noreferrer"">Top 1st User in SriLanka Coded UI Test</a></p>
",205,162,0,https://i.stack.imgur.com/AtEuP.png?s=128&g=1,,3310192
307627,141,2010-04-02 11:30:32,Yasindu,2017-09-12 08:55:32,,Sri Lanka,,39,3,0,,,117470
10863777,15,2019-01-03 16:42:55,T.M Sahran,2020-02-01 05:18:39,,Sri Lanka,,0,2,0,https://www.gravatar.com/avatar/bdff69fc8b75b98b9fe111d532de3ed5?s=128&d=identicon&r=PG&f=1,,15052437
6952359,52,2016-10-11 04:23:59,Harshana Serasinghe,2020-02-02 02:27:50,,Sri Lanka,"<p>Developer | Content Writer | Tech Enthusiast | Innovator</p>
",23,39,0,https://i.stack.imgur.com/KPxdk.jpg?s=128&g=1,,3526229
7008839,56,2016-10-12 15:33:02,ChanakaR,2020-01-31 09:14:54,http://www.bugsbucket.com/,Sri Lanka,"<p>Failures are not to fail but to learn.</p>
",20,16,0,https://i.stack.imgur.com/eyu8v.png?s=128&g=1,,8740885
8942633,25,2017-11-15 03:09:45,thuveepan,2020-01-31 08:54:58,,Sri Lanka,,8,5,0,,,12002463
2915792,2699,2013-10-24 12:42:57,Deadlock,2020-01-15 05:42:31,https://thesiliconvalley.wordpress.com/,Sri Lanka,"<p><strong>C++, C#, Java, Android, SQL</strong></p>

<p><a href=""https://projecteuler.net/profile/thilina.png"" rel=""nofollow""><img src=""https://projecteuler.net/profile/thilina.png"" alt=""Project Euler""></a></p>

<p><a href=""http://stackoverflow.com/users/2915792/deadlock"">
<img src=""http://stackoverflow.com/users/flair/2915792.png"" width=""200"" height=""58"" alt=""profile for Deadlock at Stack Overflow, Q&amp;A for professional and enthusiast programmers"" title=""profile for Deadlock at Stack Overflow, Q&amp;A for professional and enthusiast programmers"">
</a></p>
",122,447,5,https://i.stack.imgur.com/UDFVh.gif?s=128&g=1,,3484536
2939847,27,2013-10-31 02:46:15,Dharshan,2018-11-11 12:59:31,,Sri Lanka,,30,6,0,https://www.gravatar.com/avatar/3eb2cbc68cfc1522419f7da15a7e2fff?s=128&d=identicon&r=PG&f=1,,3516580
2940265,2245,2013-10-31 06:20:34,Menuka Ishan,2020-02-01 17:30:51,,Sri Lanka,"<p>Leave this world a little better than you found it. 
- Robert Baden Powell -</p>
",674,1049,7,https://graph.facebook.com/100003541590155/picture?type=large,,3517130
543395,106,2010-06-12 20:01:23,Ashen Randika,2019-11-06 07:49:52,,Sri Lanka,,39,134,0,,,260056
5109709,23,2015-07-13 05:55:01,Ruchira Supipi,2020-01-13 06:32:16,,Sri Lanka,,88,129,0,https://lh3.googleusercontent.com/-IkpNDGtISYk/AAAAAAAAAAI/AAAAAAAAADg/TMdPQTT6cEc/photo.jpg?sz=128,,6616773
7105521,618,2016-11-02 15:38:49,Kuru,2019-03-03 20:26:03,http://khwebkuru.com/,Sri Lanka,"<p>A passionate programmer who has specialized in web development technologies. Coding is one of the hardest but the interested task in the world. I am working as software developer in company and doing freelance web development projects.<br>
<br>
<strong>Code with your brain, test it with your knowledge</strong></p>
",68,30,10,https://lh5.googleusercontent.com/-_sw5ZqmoTmg/AAAAAAAAAAI/AAAAAAAAAfY/vZ6K6TO2bmg/photo.jpg?sz=128,,9566350
9047089,105,2017-12-03 16:08:58,coding_Lover,2020-02-01 19:06:32,,Sri Lanka,,26,3,0,https://www.gravatar.com/avatar/ab541e5b57f8dc3619f3d9f4a1291125?s=128&d=identicon&r=PG&f=1,,12419239
5148311,619,2015-07-23 13:31:26,Chaya Sandamali,2020-01-25 12:47:14,,Sri Lanka,"<p>Computer Science &amp; Engineering undergraduate from University of Moratuwa Sri-Lanka
     #SOreadytohelp</p>
",80,28,0,https://www.gravatar.com/avatar/192c0384c820135618b51f769eec895a?s=128&d=identicon&r=PG&f=1,,6672620
8784432,45,2017-10-16 12:51:32,Hasitha,2020-01-21 18:47:15,,Sri Lanka,"<p>Writing codes . Learning new Programming languages.
Developing web application and mobile applications.
I am a developer and a Undergraduate</p>
",9,87,0,https://lh4.googleusercontent.com/-Wbu7Ad7BZtY/AAAAAAAAAAI/AAAAAAAAAAA/ACHi3rfVQ6d1PyVxP00XWoH17UN88sARgw/mo/photo.jpg,,12006127
207776,4086,2009-11-10 13:03:52,asela38,2019-07-25 08:42:16,http://www.google.com,Sri Lanka,"<p>programmer
(scjp,scwcd,scbcd)</p>

<p>Works as a Senior Software Engineer at Rakuten</p>
",166,172,1,https://i.stack.imgur.com/sZO1V.jpg,,71894
7022133,37,2016-10-15 04:13:48,questionable,2016-12-11 20:00:06,,Sri Lanka,"<p>Still learning!!!</p>
",24,5,0,https://www.gravatar.com/avatar/8e346646eaf0f72d4be4ad74df16c9d0?s=128&d=identicon&r=PG&f=1,,9442016
2888788,389,2013-10-17 02:58:49,Malintha,2020-02-01 17:52:12,,Sri Lanka,,57,64,1,https://i.stack.imgur.com/SXHUy.jpg,,3448645
2894296,470,2013-10-18 10:30:16,user2894296,2019-03-04 05:04:23,,Sri Lanka,,60,56,0,https://www.gravatar.com/avatar/?s=128&d=identicon&r=PG&f=1,,3455724
455773,489,2010-09-23 04:18:09,Asanka,2019-11-20 06:43:28,,Sri Lanka,,103,7,0,https://i.stack.imgur.com/UdJiM.jpg,,206470
2920193,2678,2013-10-25 13:30:22,DilumN,2020-02-01 12:08:55,http://bcdilumonline.blogspot.com,Sri Lanka,"<p>Day time - Software Engineer</p>

<p>Night - FOSS Contributor &amp; doing things to make the world better</p>

<p><a href=""https://github.com/dilumn"" rel=""nofollow noreferrer"">https://github.com/dilumn</a></p>
",701,1761,30,https://i.stack.imgur.com/TMlNE.jpg?s=128&g=1,,3490338
565835,2510,2011-01-06 17:44:22,DarRay,2019-10-02 11:13:03,http://darray.wordpress.com/,Sri Lanka,"<p>Love to solve puzzles.. and music too.</p>
",285,220,0,,,273915
2963426,229,2013-11-07 05:42:57,Ruwan Ranganath,2020-01-29 11:29:25,http://blog.senarathne.com,Sri Lanka,"<p>B.Sc Computer Security Graduate</p>

<p>M.Sc in Computer Science - Security Engineering - Reading</p>

<p>Senior Software Engineer - DevOps at Apigate.com</p>
",99,39,0,https://i.stack.imgur.com/sOENt.jpg?s=128&g=1,,3547964
5131825,799,2015-07-19 08:17:19,Thili77,2019-09-03 07:32:25,,Sri Lanka,,139,47,17,https://graph.facebook.com/1470172716629416/picture?type=large,,6648896
11007249,31,2019-02-03 02:48:01,Saan,2020-02-02 05:02:13,,Sri Lanka,,10,7,0,https://www.gravatar.com/avatar/be2d127663552f49cd41719716d44d69?s=128&d=identicon&r=PG&f=1,,15255295
2990800,189,2013-11-14 06:28:57,pTi,2020-02-01 08:20:23,,Sri Lanka,"<p><a href=""http://lk.linkedin.com/pub/praveen-tissera/25/7a/609"" rel=""nofollow noreferrer"">About Me</a></p>
",75,52,2,https://i.stack.imgur.com/ip6TS.png?s=128&g=1,,3548590
640787,954,2011-03-02 08:06:52,isurusndr,2012-09-11 10:31:38,http://isurusndr.blogspot.com/,Sri Lanka,"<p>Graduated from <a href=""http://www.cse.mrt.ac.lk"" rel=""nofollow"">Department of Computer Science and Engineering</a>, University of Moratuwa, Sri Lanka; I am currently working as a Senior Engineer at <a href=""http://www.99xtechnology.com/"" rel=""nofollow"">99X Technology</a> Ltd.</p>
",38,3,0,,,321772
9075248,26,2017-12-09 04:26:14,RavianXReaver,2020-01-31 17:56:53,,Sri Lanka,,4,20,0,https://lh3.googleusercontent.com/-vtsFYUO0OrI/AAAAAAAAAAI/AAAAAAAAAIs/YcmxhmvGGOE/photo.jpg,,12464886
660301,446,2011-03-15 09:45:07,Sri,2020-01-31 11:15:24,https://www.linkedin.com/in/ddtharangasri/,Sri Lanka,"<p>Technical Skills -</p>

<p>Coding Skills : PHP, MVC Architecture, MYSQL, MSSQL, JQuery, JavaScript, JSON, AJAX, CSS, HTML, XHTML, HTML-5, XML , Apache, IIS , WAMP</p>

<p>Pimcore, FuelPHP, Yii, Zend , ExtJS , Smarty, Kendo-UI, JQuery UI , PHPWord, Facebook API, Web Server Configuration, Payment gateway integration, Any API development , Version control</p>

<p>Previous Experience : ASP.NET, Joomla, WordPress , ZenCart, VB.NET, VB Script, Adobe Flash, MS Access Database</p>

<p>IDE’s Skills : NetBeans, Adobe Dreamweaver, Zend Studio, Microsoft Visual Studio, Yahoo Site builder</p>

<p>Designing Skills : Adobe Photoshop, Adobe PageMaker, Adobe fireworks, Adobe Illustrator, MS Office</p>

<p>Operating Systems : Linux &amp; MS Windows Family</p>

<p>Technical Drawing : MS Visio</p>

<p>Project Management : JIRA</p>
",120,39,0,https://i.stack.imgur.com/hLwNq.jpg?s=128&g=1,,334091
2673685,751,2013-08-12 04:44:55,yeshansachithak,2020-01-27 06:55:36,http://codes2know.com,Sri Lanka,"<p>I've merge my accounts. Now I can't ask question. Why is that?</p>
",200,374,19,https://i.stack.imgur.com/PdCcO.jpg?s=128&g=1,,3163130
4858782,905,2015-05-03 08:34:32,Tharushi Geethma,2019-11-13 12:33:52,,Sri Lanka,"<p>I am a BSc. Software Engineering(Hons) undergraduate who is very enthusiastic in exploring new technologies.</p>
",176,424,3,https://lh5.googleusercontent.com/-oUcUAfCcjho/AAAAAAAAAAI/AAAAAAAAACs/2xvqrExzkzA/photo.jpg?sz=128,,6247440
2689226,378,2013-08-16 11:22:25,Mujahidh,2020-01-31 14:27:01,http://www.mujahidh.com,Sri Lanka,"<p>I am a Magento developer from Sri Lanka.I have worked for several magento 1 &amp; Magento 2 projects All over the world.
I am writing a blog to help developers like me via my website <a href=""http://www.mujahidh.com/"" rel=""nofollow noreferrer"">http://www.mujahidh.com/</a>.</p>

<p>I am learning, Love to learn.</p>
",56,77,2,https://i.stack.imgur.com/vw0cJ.jpg?s=128&g=1,,3182871
6826354,335,2016-09-13 11:34:09,Yohan Karunanayake,2019-12-18 22:45:42,,Sri Lanka,,43,28,0,https://i.stack.imgur.com/RSeVN.jpg?s=128&g=1,,9183169
2726225,89,2013-08-28 16:27:56,user2726225,2016-10-14 17:59:05,,Sri Lanka,,10,22,0,https://www.gravatar.com/avatar/?s=128&d=identicon&r=PG&f=1,,3230957
6862243,85,2016-09-22 05:37:18,Akila,2019-10-07 12:03:46,,Sri Lanka,,35,7,0,https://lh3.googleusercontent.com/-z3fQmNIjZxg/AAAAAAAAAAI/AAAAAAAAANI/BUu1Z7x6A00/photo.jpg,,9238353
6862650,50,2016-09-22 07:04:41,CharukaHS,2020-01-26 11:44:02,,Sri Lanka,"<p>Coding as a hobby. 
Mostly studying in JavaScript &lt;3</p>
",13,21,0,,,9238890
6936679,144,2016-10-07 10:19:03,Gayan Sampath,2020-01-31 10:33:16,https://geekseye.weebly.com/,Sri Lanka,"<p>I am undergraduate in Wayamba University of Sri Lanka under Applied Sciences(BSc). Also i a am self employer.
My Interest and expertise in Software Engineering, Distributed Systems, Web Designing, Robotics and also Science and Maths.</p>
",34,16,0,https://graph.facebook.com/1192088900853961/picture?type=large,,9345215
2873541,21,2013-10-12 08:17:52,AB Shaman,2020-01-12 22:37:56,,Sri Lanka,"<p>PHP Developer</p>
",29,47,0,https://i.stack.imgur.com/PZjCZ.jpg,,3428416
2922491,67,2013-10-26 08:14:16,7evenline,2018-08-10 06:32:04,,Sri Lanka,,14,9,0,https://i.stack.imgur.com/9UxV3.jpg,,3493524
2922740,183,2013-10-26 10:52:18,Kanishka,2019-09-01 04:05:07,,Sri Lanka,,50,46,0,https://www.gravatar.com/avatar/dd86fa9df0030733e564b399e0dd5f6b?s=128&d=identicon&r=PG&f=1,,3493872
547822,127,2010-12-19 17:07:54,Sureshkumar,2018-02-27 09:24:54,http://www.facebook.com/saskumar,Sri Lanka,,19,7,0,,,262747
2946984,155,2013-11-02 03:04:20,YAS_Bangamuwage,2019-11-08 10:34:49,http://yas.branded.me/,Sri Lanka,"<p>I’m Yasitha Bangamuwage and I specialize in Computer Software. I’m passionate about what I do, and I love to help people. :)</p>
",13,130,2,https://i.stack.imgur.com/HYJxq.jpg?s=128&g=1,,3525857
567882,113,2011-01-08 09:15:57,lilruchira,2019-10-07 15:15:37,http://srihut.com,Sri Lanka,,19,7,0,,,275165
5113601,57,2015-07-14 04:38:43,sithara,2019-04-19 13:26:54,,Sri Lanka,,7,7,0,https://www.gravatar.com/avatar/a0b1d2135f6da349a1f66877a67046c1?s=128&d=identicon&r=PG&f=1,,6622378
600328,85,2011-01-28 06:05:23,Mafas,2014-10-16 12:42:33,,Sri Lanka,,48,8,0,,,295760
625144,3170,2011-02-20 10:17:32,Gihan,2020-01-31 12:30:51,,Sri Lanka,"<p>Passionate about composing amazing notes with keystrokes and looking through the camera lense.</p>

<ul>
<li>Why give up? Try another way</li>
</ul>
",169,321,7,,,311515
3020430,1979,2013-11-22 05:34:34,Lahiru,2019-10-14 17:14:30,,Sri Lanka,,69,223,0,https://www.gravatar.com/avatar/881009a7c75869550027567336f73cbe?s=128&d=identicon&r=PG&f=1,,3621927
3020445,71,2013-11-22 05:39:58,kosala manojeewa,2020-01-19 05:54:29,http://freesubtitlesdownload.com/,Sri Lanka,"<p>one who has a love of knowledge. Have worked on <a href=""https://www.girlnamesbaby.com/"" rel=""nofollow noreferrer"">Girl Names</a>  and <a href=""https://freesubtitlesdownload.com/"" rel=""nofollow noreferrer"">Subtitles Download</a></p>
",25,8,0,https://i.stack.imgur.com/cMe69.jpg?s=128&g=1,,3621945
6802917,942,2016-09-07 04:09:50,kas,2020-01-16 16:41:03,,Sri Lanka,"<p>Im a student</p>
",39,9,1,https://www.gravatar.com/avatar/666b743712bd3d16caa851086ac83bd7?s=128&d=identicon&r=PG&f=1,,9147196
4849756,147,2015-04-30 08:09:15,Upekha Vandebona,2016-07-01 04:16:00,http://upekhavandebona.blogspot.com/,Sri Lanka,"<p>""Life should be big. Not long....""</p>
",45,11,0,https://www.gravatar.com/avatar/288ec53b36c615043640b6e19a960a48?s=128&d=identicon&r=PG&f=1,,6233878
2679280,135,2013-08-13 15:56:52,RYJ,2020-01-31 14:34:45,http://javafoundation.xyz,Sri Lanka,,105,160,0,https://i.stack.imgur.com/bAlqJ.jpg,,3170095
124964,2817,2009-06-18 08:54:10,Aneef,2020-01-31 19:10:06,http://www.aneef.net,Sri Lanka,,253,148,8,,,42841
144452,821,2009-07-24 11:48:23,Chathuranga Wijeratna,2019-08-06 13:49:11,http://chathurangaw.blogspot.com,Sri Lanka,"<p>I'm interested in mainly Web stuff.</p>
",192,82,0,,,48595
6886091,175,2016-09-27 06:38:24,Deshani Tharaka,2020-01-30 09:11:36,,Sri Lanka,"<p>Simple character  -  love to code</p>
",63,364,2,https://lh3.googleusercontent.com/-hRRZd5LRqJk/AAAAAAAAAAI/AAAAAAAAAC4/7TbRIBYeMNA/photo.jpg?sz=128,,9272629
2771076,597,2013-09-12 03:41:18,Nuwan,2020-01-31 13:10:29,,Sri Lanka,,125,527,3,https://i.stack.imgur.com/2Ezx8.jpg?s=128&g=1,,3293278
2802391,314,2013-09-21 15:48:22,Nadeeshaan,2020-01-28 13:49:30,,Sri Lanka,,49,73,0,https://www.gravatar.com/avatar/?s=128&d=identicon&r=PG&f=1,,3334343
2810828,67,2013-09-24 11:18:45,Thasneen,2020-02-01 04:05:43,,Sri Lanka,"<p>Software developer with 6 years of experience 
Mainly in <strong>C#</strong>, <strong>PHP</strong>, <strong>AngularJS</strong>, <strong>JavaScript</strong>, <strong>SQL</strong> and <strong>My SQL</strong>. 
Frameworks are using <strong>.NET</strong> and <strong>Laravel</strong>.</p>
",40,18,0,https://i.stack.imgur.com/VlT8V.jpg,,3345616
4991516,531,2015-06-09 16:47:02,Lahiru Gamage,2020-01-21 05:18:42,,Sri Lanka,"<p>I am a former software engineer of MAS Holdings and contribute java, .net and SAP projects</p>
",159,106,3,https://i.stack.imgur.com/N26ys.jpg?s=128&g=1,,6441685
461436,15699,2010-08-18 03:29:25,Nilani Algiriyage,2020-01-29 23:06:14,https://sites.google.com/view/nilanialgiriyage/home,Sri Lanka,"<p>A PhD researcher at Massey, Wellington, New Zealand</p>

<p>My Youtube Channel: <a href=""https://www.youtube.com/channel/UCGmQWswRt78zzNl6Izj0KNg"" rel=""nofollow noreferrer"">https://www.youtube.com/channel/UCGmQWswRt78zzNl6Izj0KNg</a></p>
",808,212,0,https://i.stack.imgur.com/meRtc.png?s=128&g=1,,210042
2906198,419,2013-10-22 08:17:21,ChamalPradeep,2020-01-31 07:43:49,,Sri Lanka,"<p>Interesting about NodeJS, Javascript frameworks(Loopback) and Cloud (AWS,Google and Azure).</p>
",45,26,0,,,3472137
591640,25,2011-01-27 03:48:53,Anuradha G,2020-01-11 19:08:27,,Sri Lanka,,21,60,0,,,290217
9073241,519,2017-12-08 15:35:14,Heap of Pinto Beans,2019-12-04 16:58:30,,Sri Lanka,"<p>I spend my time in nature, watching the clouds float by and playing with the little kids around my village.  I am very rich because I laugh alot and fully enjoy my simple life.  I don't feel like an old man, even though senior in age, and more or less retired.</p>

<p>I do programming as hobby to pass time and teach kids.</p>

<p>I maintain gardens in my village to pass time and enjoy watching things grow.  </p>

<p>I don't watch the news anymore.  I prefer to be ignorant and happy.</p>
",79,29,0,https://www.gravatar.com/avatar/ad17ee95cc6886df8e31abeb84bd50f2?s=128&d=identicon&r=PG&f=1,,12461850
5173476,154,2015-07-30 11:41:52,Dushan,2019-12-16 10:14:41,https://websinhalen.com,Sri Lanka,"<p><em>BY DAY</em> : Working Hard.</p>

<hr>

<p><em>BY NIGHT</em> : Talking with my Mac. That's true...</p>

<hr>

<p><em>FOR FUN</em> : Try to working with new web technologies, Teach mathematics, Watch movies, Read articles....</p>

<hr>

<blockquote>
  <p><strong><em>If you can dream it, You can do it.</em></strong></p>
</blockquote>
",23,52,7,https://www.gravatar.com/avatar/d3f9bddb735e8c006500d1044d403a16?s=128&d=identicon&r=PG&f=1,,6709617
4873733,71,2015-05-07 07:19:03,tharinducs7,2019-12-30 01:11:25,,Sri Lanka,"<p>Experienced Software Engineer with a demonstrated history of working in the information technology and services industry. Skilled in <strong>PHP, Laravel, ElectronJS,Bootstrap,AngularJS,MySQL ,MSSQL and UI/UX.</strong> Strong engineering professional with a Bachelor's Degree focused in Computer Science from University College Dublin. </p>

<p>Also a person who likes to dream a big with never give-up attitude. Also a good team player. Want to build my-self while giving something back to the society. A good self - learner who learn things quickly.</p>
",17,19,0,https://lh4.googleusercontent.com/--QEcroeh0Pg/AAAAAAAAAAI/AAAAAAAAAa0/-b5LO3_cVBU/photo.jpg?sz=128,,6268980
187961,218,2009-10-11 13:04:40,suranga,2016-07-22 03:09:54,,Sri Lanka,,28,19,0,,,63510
200268,498,2009-10-31 19:46:56,pnm123,2020-01-29 10:46:48,http://www.dynamiccodes.com,Sri Lanka,"<p>I'm PNM from Sri Lanka.</p>
",74,306,4,https://i.stack.imgur.com/AakTv.jpg,,68683
4934549,151,2015-05-24 17:11:07,Arshad Yusuf,2020-02-01 18:41:47,,Sri Lanka,,25,113,0,https://graph.facebook.com/1035884569773284/picture?type=large,,6357992
251491,6127,2010-01-15 12:10:35,Chand Priyankara,2020-02-01 09:42:11,http://chandpriyankara.blogspot.com,Sri Lanka,"<p>EDA Application developper</p>
",994,199,16,https://i.stack.imgur.com/apL2A.jpg?s=128&g=1,,882116
264069,1375,2010-02-02 04:42:47,Gunith D,2020-01-31 04:58:21,https://gunith.github.io/,Sri Lanka,"<p>A Software Engineer with over 8 years of experience in Java development servicing Global customers and development teams. I pride myself in creating code which is well designed, of high quality, and high test coverage, resulting in less defects. I'm also interested in improving myself on new technologies and methods, and have been instrumental in transferring my knowledge to my peers through public speaking.</p>
",115,764,2,,,97334
4962360,59,2015-06-01 17:17:04,HashanR,2019-04-02 04:52:20,,Sri Lanka,,41,38,0,https://i.stack.imgur.com/NfuSo.jpg,,6398919
2827577,263,2013-09-29 03:12:19,mars,2020-01-31 11:20:30,,Sri Lanka,"<ul>
<li>JavaScript</li>
<li>Java</li>
<li>AWS</li>
<li>HTML5</li>
<li>CSS</li>
</ul>
",51,36,0,https://i.stack.imgur.com/Np2Hk.png,,3367363
8922010,15,2017-11-10 21:55:16,Kalpa Wijesooriya,2020-01-28 14:15:51,,Sri Lanka,,21,16,0,https://graph.facebook.com/707539122771468/picture?type=large,,12223599
373879,91,2010-06-23 04:40:25,Niruka,2018-09-13 12:20:40,,Sri Lanka,"<p>Software Engineer </p>
",2,14,0,https://www.gravatar.com/avatar/1c326abaab36429f26b5710f9e9d434b?s=128&d=identicon&r=PG&f=1,,156537
7029373,64,2016-10-17 06:08:34,Vidura Silva,2019-07-22 08:05:18,,Sri Lanka,,7,59,0,https://i.stack.imgur.com/ZBdOp.jpg,,9453336
7029382,285,2016-10-17 06:10:31,Vihanga Ashinsana Wijayasekara,2019-12-13 01:22:47,,Sri Lanka,,51,95,2,https://www.gravatar.com/avatar/ebcf33e81dcf9fed9b81b352ed53ca79?s=128&d=identicon&r=PG&f=1,,5394011
8978746,65,2017-11-21 10:08:03,MythicalCode_,2018-11-27 14:05:30,,Sri Lanka,,15,31,0,,,12305594
2955580,55,2013-11-05 08:58:58,Vajira Karunathilake,2017-05-01 19:31:01,,Sri Lanka,,27,2,0,https://i.stack.imgur.com/RkDr0.jpg,,3537727
2978875,401,2013-11-11 11:04:55,Rooshan Akthar,2020-01-31 08:48:22,http://rooshan.info,Sri Lanka,"<p>Hello Stack Overflow, </p>

<p>I am a Software Engineer with an immense interest in technologies. I'm keen to learn something new and teach someone something useful.</p>

<h1>SOreadytohelp</h1>
",41,9,4,https://i.stack.imgur.com/Tuyr9.jpg?s=128&g=1,,3567767
3026917,85,2013-11-24 09:08:00,rzshss,2019-07-25 15:18:23,,Sri Lanka,"<p>Job : PHP Developer 
Working for a Online hotel booking company, developing IBE(Internet Booking Engine) and relative products.</p>
",15,44,0,https://graph.facebook.com/1482357721/picture?type=large,,3630642
9104191,39,2017-12-15 15:09:53,Shon Max,2018-02-11 17:13:15,http://bluepetals.ga,Sri Lanka,"<p>I am a Web Designing Newbie. But somewhat experienced. I like to learn.(But i can't memorize php :LOL) For Fun and in Rest time : I like to write a simple code.(Mostly HTML or CSS). Read a (mysterious,Adventurous) book or Visit a Social Network Site/Forum to meet a friend. I meet lot of problem everyday when writing HTML,css or java script. I joined to SO for learn them and Teach what i know to friends. Thank you for Reading this.</p>
",10,10,0,https://www.gravatar.com/avatar/80c313f808a5d5533182e814d0786ae1?s=128&d=identicon&r=PG&f=1,,12507914
147590,447,2009-07-30 04:44:04,Janaka,2020-01-09 14:52:45,http://janaka077.blogspot.com,Sri Lanka,"<p>C++ developer, Working with high performance system development</p>
",99,26,1,,,49563
4904744,240,2015-05-15 17:02:16,Oshada Ekanayake,2020-02-02 03:02:31,,Sri Lanka,,36,74,6,https://www.gravatar.com/avatar/fe1584d8349c18887869901f75838dd9?s=128&d=identicon&r=PG&f=1,,6314148
4941189,117,2015-05-26 15:24:03,yeshika Senadeera,2020-01-10 03:40:45,https://www.linkedin.com/in/yeshika-senadheera/,Sri Lanka,"<p>An undergraduate doing a computer science degree.</p>
",116,18,0,https://lh6.googleusercontent.com/-SGY_jQ94r9U/AAAAAAAAAAI/AAAAAAAABTQ/aHie06qBLeM/photo.jpg?sz=128,,6367678
248857,1096,2010-01-12 12:11:41,ruwan.jayaweera,2020-01-08 14:05:06,http://www.facebook.com/ruwan.jayaweera,Sri Lanka,"<p>I'm a software engineer (java)</p>
",163,101,2,https://i.stack.imgur.com/ReFZP.jpg,,90384
272451,6528,2010-02-13 15:47:18,Thihara,2020-02-01 06:59:17,http://thihara.github.com,Sri Lanka,"<p>Personality wise I'm pretty laid back and likes to have fun. </p>

<p>I enjoy helping and mentoring others.</p>

<p>I like to learn, and I believe working with smarter, considerate people is the best way. I also like reading fiction and playing video games, I find them to be stimulating apart from being fun :-)</p>

<p>You can get in touch via linked in.</p>

<p>Linked In : lk.linkedin.com/in/thihara</p>
",1203,1065,119,,,882029
2796636,760,2013-09-19 18:09:06,Kripa Jayakumar,2019-07-20 06:33:12,http://seventhsoulmountain.blogspot.com,Sri Lanka,"<p>Software Engineer at 99X Technology</p>
",233,11,1,https://i.stack.imgur.com/B6NXa.jpg?s=128&g=1,,3326725
4985996,1350,2015-06-08 11:03:44,Shamal Perera,2020-01-30 13:45:38,https://kodestak.wordpress.com,Sri Lanka,,144,454,4,,,6433799
408349,2231,2010-08-02 06:12:40,Shantha Kumara,2020-01-31 09:40:21,,Sri Lanka,"<p>Technologies/platforms familiar :</p>

<ul>
<li>PHP, Drupal core and module development, DotNetNuke</li>
<li>AS3</li>
<li>Java, Javascript, JQuery, ExtJS, Meteor</li>
<li>Sphinx Search engine</li>
<li>Eclipse, Netbeans</li>
<li>Windows XP, Windows 7, Ubuntu 12.04 LTS</li>
</ul>
",339,691,3,,,177183
2866067,81,2013-10-10 08:05:49,lxkmxl,2019-10-31 03:50:19,,Sri Lanka,,9,2,0,https://i.stack.imgur.com/ipIxN.png,,3417651
507171,63,2010-11-14 04:54:49,AsithaL,2020-01-28 10:29:01,http://www.asithakumara.blogspot.com/,Sri Lanka,"<p>I am a JAVA Developer and currently working on pentaho BI tool.</p>
",40,6,0,,,238339
508052,1031,2010-11-15 09:19:51,Thanushka,2019-09-25 10:11:57,,Sri Lanka,,236,106,5,,,238861
2943883,47,2013-11-01 04:54:36,Upul Dissanayake,2018-10-18 05:07:23,http://www.longwapps.com/,Sri Lanka,"<p>I am the Founder &amp; CEO of LONGWApps which is an web application and product development company based in Sri Lanka.</p>
",17,3,0,https://i.stack.imgur.com/hBX7K.jpg,,3521809
11004862,63,2019-02-02 10:13:16,Senuri Ruhunuge,2020-02-01 19:32:10,,Sri Lanka,"<p>Software Engineer</p>
",19,41,0,https://www.gravatar.com/avatar/eb2c2c5b7eaeac7ecbd01c095e236a88?s=128&d=identicon&r=PG&f=1,,15251715
2986468,23,2013-11-13 06:43:06,dinoos,2019-12-28 01:52:32,,Sri Lanka,"<p>An Undergraduate student who has an interest to learn programming...</p>
",24,2,0,https://www.gravatar.com/avatar/3c9ffbf7913dc7a8ec0dfb9f1fc23ae4?s=128&d=identicon&r=PG&f=1,,3577595
11020813,25,2019-02-06 03:38:32,shadow,2019-12-31 18:07:14,,Sri Lanka,,4,2,0,https://www.gravatar.com/avatar/515ef81ce9ff02b62d3e35cc7dd32964?s=128&d=identicon&r=PG&f=1,,15274747
5156798,422,2015-07-26 05:10:40,Gurusinghe,2020-01-03 07:12:34,,Sri Lanka,"<p>I'm Theravada Buddhist.  </p>
",38,328,1,https://i.stack.imgur.com/MRmyp.png?s=128&g=1,,4752145
5202960,401,2015-08-07 16:32:34,Vinujan.S,2020-01-22 12:23:22,,Sri Lanka,"<p>My passion is learning concepts in computer science and coding to live.</p>

<p>I am mostly interested in developing algorithm for problems.</p>
",71,135,3,https://i.stack.imgur.com/SXlSJ.jpg?s=128&g=1,,6753742
4847472,21,2015-04-29 17:00:25,Nimash Dilanka,2020-01-29 17:08:08,https://www.linkedin.com/in/nimashdilanka/,Sri Lanka,"<p>Interest towards applying Software Design patterns, DB solution optimization, Performance tuning, Data mining, Mchine Learning theories into real-world applications.</p>
",11,36,0,https://i.stack.imgur.com/RiEqj.jpg?s=128&g=1,,6230541